Gene,P-Value,q-value,Fold Change,DEGs
ENSG00000186081.12,0.0,1e-320,4.823278055756619,UP
ENSG00000205420.11,0.0,1e-320,4.5140234036010485,UP
ENSG00000186847.6,0.0,1e-320,3.4705542301220307,UP
ENSG00000185479.6,0.0,1e-320,3.4197642611842634,UP
ENSG00000128422.17,0.0,1e-320,3.414176399493234,UP
ENSG00000186832.9,0.0,1e-320,3.408069429398045,UP
ENSG00000134757.5,0.0,1e-320,3.3614816459569328,UP
ENSG00000169474.4,0.0,1e-320,3.2568741562815298,UP
ENSG00000081277.13,0.0,1e-320,3.2548120431001264,UP
ENSG00000169469.9,4.0208421073931704e-287,2.256595060271677e-285,3.2154898219252703,UP
ENSG00000241794.2,0.0,1e-320,3.1657385398072204,UP
ENSG00000171401.15,0.0,1e-320,3.0954403559052857,UP
ENSG00000266019.1,5.116920902283931e-111,2.4387404646933813e-110,-3.024002961265886,DOWN
ENSG00000134762.17,0.0,1e-320,2.986071564701883,UP
ENSG00000137975.8,0.0,1e-320,2.9750804352767433,UP
ENSG00000252010.1,6.184154045906446e-114,3.092077022953223e-113,-2.9298457041026817,DOWN
ENSG00000196754.13,2.2626236546706798e-296,1.4141397841691749e-294,2.9262297234470904,UP
ENSG00000073282.14,0.0,1e-320,2.903159872090041,UP
ENSG00000124102.5,1.2345432652526722e-277,6.062489249008658e-276,2.8760685515166204,UP
ENSG00000202538.1,1.3416567227133496e-102,5.308713651024045e-102,-2.8548886791279626,DOWN
ENSG00000238741.1,2.9964763357397384e-118,1.648061984656856e-117,-2.8357985996546247,DOWN
ENSG00000206075.14,0.0,1e-320,2.8018593542723176,UP
ENSG00000137699.17,0.0,1e-320,2.7577425205993658,UP
ENSG00000252835.1,2.3975463125499652e-106,1.009686425652742e-105,-2.6367219672622797,DOWN
ENSG00000163331.12,0.0,1e-320,2.630055711484291,UP
ENSG00000163209.15,3.5716270992007245e-268,1.4659663466868645e-266,2.6263297291453824,UP
ENSG00000143556.9,8.06475112213989e-238,2.2630679169270095e-236,2.521514842953162,UP
ENSG00000200795.1,1.6849120041971522e-99,6.253047249044762e-99,-2.497867141901387,DOWN
ENSG00000163216.7,2.4140887915321726e-263,9.621368372048514e-262,2.487506173289569,UP
ENSG00000133636.11,1.096948484452475e-173,1.5235395617395486e-172,2.476482773126246,UP
ENSG00000198074.10,1.35905817459179e-144,1.1394542622339703e-143,2.464358770671304,UP
ENSG00000200087.1,1.639473123180155e-106,6.92557770928637e-106,-2.456915769431784,DOWN
ENSG00000189280.3,0.0,1e-320,2.4491847286870856,UP
ENSG00000201098.1,1.818620250055479e-109,8.447982580494202e-109,-2.447117505601259,DOWN
ENSG00000121742.19,0.0,1e-320,2.441488168215387,UP
ENSG00000207008.1,6.22946792885891e-96,2.0993917652404414e-95,-2.4348387182154143,DOWN
ENSG00000171346.16,1.5987972153385005e-274,7.713495337159433e-273,2.4284826606188807,UP
ENSG00000124466.9,9.36872560720009e-309,6.606152671743653e-307,2.397093905744143,UP
ENSG00000196344.11,1.0270356238570322e-270,4.555399944527159e-269,2.363603819127635,UP
ENSG00000087494.16,0.0,1e-320,2.351731656132026,UP
ENSG00000110400.11,0.0,1e-320,2.328192078034519,UP
ENSG00000278771.1,3.043880020676644e-118,1.6707924265191158e-117,-2.314808281926421,DOWN
ENSG00000251791.1,2.561317903442365e-114,1.2971683673050651e-113,-2.3092937029401686,DOWN
ENSG00000181449.4,2.2545137680428186e-239,6.666572970019088e-238,2.308810382406018,UP
ENSG00000208892.1,6.705498151723888e-95,2.2243811721641364e-94,-2.2984233882121243,DOWN
ENSG00000178919.9,0.0,1e-320,2.280732911655347,UP
ENSG00000200156.1,2.320568204961161e-96,7.917571418912151e-96,-2.280279903251084,DOWN
ENSG00000239039.1,3.990470322344413e-102,1.560994791813248e-101,-2.2408418724665333,DOWN
ENSG00000230937.12,7.389683336856647e-241,2.3092760427677023e-239,2.2173540897424764,UP
ENSG00000121552.4,0.0,1e-320,2.1891612449430475,UP
ENSG00000212232.1,8.261167583435149e-79,2.0375076999503729e-78,-2.187535088286761,DOWN
ENSG00000117394.24,7.978992113720752e-247,2.612170037230008e-245,2.164214144352297,UP
ENSG00000212464.1,4.008593807998434e-105,1.6652013552863583e-104,-2.15820127362065,DOWN
ENSG00000176153.12,1.6413017767887491e-139,1.2714309538504394e-138,2.1485459016469752,UP
ENSG00000263740.2,2.2336337593780512e-126,1.3865672321195577e-125,-2.1391922321498744,DOWN
ENSG00000183347.15,0.0,1e-320,2.137502321591582,UP
ENSG00000130821.17,8.806e-320,6.54517e-318,2.1227461304861226,UP
ENSG00000182379.10,0.0,1e-320,2.0809715033412663,UP
ENSG00000137440.5,2.952036292509333e-216,6.709173392066666e-215,2.0794704645926667,UP
ENSG00000199568.1,7.707183520688921e-86,2.0902124932834843e-85,-2.0691174823243648,DOWN
ENSG00000196260.5,5.59347181501825e-176,8.095814469105361e-175,-2.063636703826733,DOWN
ENSG00000212402.1,7.649874437269974e-109,3.488748706881e-108,-2.0515190211952206,DOWN
ENSG00000166670.10,2.6850113324259312e-201,5.31207277997936e-200,2.0477750397984362,UP
ENSG00000168484.12,9.468537997684102e-64,1.9533743055987455e-63,-2.0454016663146133,DOWN
ENSG00000165474.8,7.191375845464771e-189,1.2437914198130894e-187,2.0439507982971215,UP
ENSG00000131400.8,1.642126137227866e-152,1.601364140913699e-151,-2.0292111732253653,DOWN
ENSG00000101144.13,0.0,1e-320,2.0093220917219177,UP
ENSG00000131746.13,1.0241340337767452e-240,3.1644590931303923e-239,2.001840398844349,UP
ENSG00000069011.16,1.5952690656306963e-240,4.874433256093794e-239,1.989908574075103,UP
ENSG00000256812.2,3.262316355507e-312,2.3608868362225e-310,1.9881886369558905,UP
ENSG00000114638.8,1.006548526289333e-165,1.2193869811875179e-164,1.9874796489816053,UP
ENSG00000185633.10,1.520679175450957e-252,5.361368887807861e-251,1.960533188078971,UP
ENSG00000114270.17,4.314898126021636e-273,2.0111813299253386e-271,1.940572268326415,UP
ENSG00000129194.8,0.0,1e-320,1.9397648675244026,UP
ENSG00000086570.12,6.166968523481804e-301,4.0378960570416573e-299,1.9383615517529007,UP
ENSG00000212443.1,1.1197634878619912e-98,4.06246647971039e-98,-1.9325488779239608,DOWN
ENSG00000197061.5,6.978425336166239e-90,2.0459136113493768e-89,-1.921013949966151,DOWN
ENSG00000222489.1,1.7314632625541673e-103,6.991958842913304e-103,-1.9165214682414997,DOWN
ENSG00000148053.17,1.3193584977404205e-269,5.759104553628819e-268,1.9063974894956384,UP
ENSG00000201998.1,8.783145411963794e-88,2.4875025626056063e-87,-1.9058116979351338,DOWN
ENSG00000162896.6,4.517991350246582e-134,3.145437015994456e-133,-1.8825936480113066,DOWN
ENSG00000188910.8,4.602719967198412e-239,1.3323663062942773e-237,1.873489886590626,UP
ENSG00000278705.1,5.58332011600179e-93,1.7527546026261328e-92,-1.8577446090047323,DOWN
ENSG00000167600.14,3.964565465796322e-240,1.1980829704329546e-238,1.854638100246536,UP
ENSG00000096088.16,1.761115497865867e-86,4.862517689890698e-86,-1.85160411507493,DOWN
ENSG00000229415.10,5.155921105575897e-248,1.7291198829675265e-246,-1.8500532020700269,DOWN
ENSG00000057149.16,2.0377370651407262e-164,2.4364247517986944e-163,1.8250504963790615,UP
ENSG00000168298.7,2.1240255661468788e-79,5.2717241037038966e-79,-1.8211050821197385,DOWN
ENSG00000163032.12,0.0,1e-320,1.8185463137859423,UP
ENSG00000114948.13,9.114731905397634e-282,4.820290911508364e-280,1.814451256435114,UP
ENSG00000122852.15,1.0349411062705397e-70,2.2805192646185772e-70,-1.806832004037069,DOWN
ENSG00000065618.21,7.659546574196744e-158,8.196012871222197e-157,1.7967372831341848,UP
ENSG00000136352.19,3.862992318782729e-197,7.226686310647962e-196,-1.7941590483765415,DOWN
ENSG00000265727.2,2.7247800625742e-109,1.2572391228320552e-108,-1.7856078621547677,DOWN
ENSG00000200959.1,7.6173795774759e-81,1.9342376581771675e-80,-1.777779208099785,DOWN
ENSG00000185686.18,5.016097047044251e-146,4.351503747435864e-145,1.763564519283266,UP
ENSG00000106278.12,1.6828624994833825e-259,6.427599824415697e-258,1.7564182750470458,UP
ENSG00000202058.1,1.7166406774524392e-90,5.103526338372116e-90,-1.7548835200849773,DOWN
ENSG00000167656.5,1.5896580353185898e-149,1.4620600659284688e-148,1.7542358832805136,UP
ENSG00000207233.1,1.6665226040010255e-90,4.9598887023840045e-90,-1.7422618664883744,DOWN
ENSG00000108602.18,2.245322983266299e-123,1.322192334899855e-122,1.738983473860609,UP
ENSG00000134363.12,1.2710734441706592e-254,4.5395480148952114e-253,1.7251579648622286,UP
ENSG00000200792.1,2.552043250188447e-89,7.371973674388896e-89,-1.71806311837438,DOWN
ENSG00000161243.9,0.0,1e-320,1.7119865464012447,UP
ENSG00000132746.15,2.901517779016309e-246,9.387263402699823e-245,1.7083291900158928,UP
ENSG00000207088.1,1.50950409372714e-97,5.349402394007261e-97,-1.7027578341620497,DOWN
ENSG00000200488.1,1.943573585070254e-100,7.341795822724175e-100,-1.6979582153628028,DOWN
ENSG00000203697.12,5.617117711967973e-223,1.3792030096349933e-221,-1.6932300535296134,DOWN
ENSG00000180739.14,0.0,1e-320,1.6850136895734855,UP
ENSG00000200312.1,1.7886760146829518e-101,6.879523133395968e-101,-1.6807988957304587,DOWN
ENSG00000277918.1,1.027422925215229e-84,2.743119460526097e-84,-1.6793465376536338,DOWN
ENSG00000123838.11,4.765253883045517e-121,2.7415163553086133e-120,-1.6764830264829291,DOWN
ENSG00000158055.16,0.0,1e-320,1.6752113325348188,UP
ENSG00000236060.2,9.513796298676242e-182,1.4950251326491239e-180,1.6727684260464897,UP
ENSG00000151632.17,2.3700627538777577e-88,6.775127414931221e-88,1.6676743808542764,UP
ENSG00000226084.5,1.1783159688858524e-147,1.0624160375200309e-146,1.66752206325488,UP
ENSG00000265527.1,2.800757146396139e-96,9.508743398258496e-96,-1.6573174641921127,DOWN
ENSG00000256612.7,1.382059960585888e-149,1.2753909032252322e-148,-1.65395891328089,DOWN
ENSG00000168143.9,5.122927439475428e-269,2.201257884149598e-267,1.6475362147536927,UP
ENSG00000265190.7,1.9504902665747848e-279,9.752451332873924e-278,1.6428909733996753,UP
ENSG00000274618.2,1.255262337543149e-96,4.3149642853045745e-96,-1.6427773991210084,DOWN
ENSG00000135069.14,4.748807031803965e-179,7.255121854144946e-178,1.6405217082503074,UP
ENSG00000171658.8,5.366272441278507e-144,4.431606370425193e-143,1.639505608414427,UP
ENSG00000104140.7,7.306948252171619e-153,7.360479008597785e-152,1.6369980608408254,UP
ENSG00000153446.16,1.849487844381092e-116,9.818709598548268e-116,-1.6353621644831573,DOWN
ENSG00000117407.17,1.78e-321,1.3587e-319,1.631776899140141,UP
ENSG00000265735.2,1.8470364108134894e-100,6.98672645080756e-100,-1.627769599025148,DOWN
ENSG00000166415.15,5.441922546294654e-271,2.4942145003850495e-269,1.6265177428391264,UP
ENSG00000230322.1,1.3443091023918532e-107,5.812657282354711e-107,-1.621717782941484,DOWN
ENSG00000162738.6,7.209472854475227e-269,3.0501615922779806e-267,1.6193723961379256,UP
ENSG00000207445.1,1.5832552190112067e-86,4.380233251791567e-86,-1.6192073152206377,DOWN
ENSG00000101057.16,1.0075146674953811e-146,8.851965928473796e-146,1.609677888942615,UP
ENSG00000163207.7,6.191390857569729e-143,5.022514707468069e-142,1.6062250303513836,UP
ENSG00000105427.10,2.412923781962128e-204,4.989128120598385e-203,1.6002352036195284,UP
ENSG00000110195.14,2.212090915552199e-118,1.2314271291029448e-117,-1.5918930698979066,DOWN
ENSG00000183779.7,3.502163003070526e-196,6.420632172295964e-195,1.58922750756092,UP
ENSG00000108352.13,1.3972933776575695e-293,8.539015085685147e-292,1.573676046514512,UP
ENSG00000257979.1,4.044651544252726e-105,1.677645813981146e-104,-1.5667401195822666,DOWN
ENSG00000201343.1,4.884501604551469e-96,1.650169460997118e-95,-1.5620315867031143,DOWN
ENSG00000221676.1,2.5520797482405464e-87,7.176093361617079e-87,-1.558286000173979,DOWN
ENSG00000221962.5,3.6680561357397824e-99,1.3503553377890767e-98,-1.5572016858047406,DOWN
ENSG00000238961.1,8.011364312458646e-99,2.918046603875666e-98,-1.5567596692723749,DOWN
ENSG00000200169.1,2.9966523516875985e-96,1.0161274928657085e-95,-1.556710468139303,DOWN
ENSG00000201428.1,5.082572306410399e-98,1.815204395146571e-97,-1.5554822050506165,DOWN
ENSG00000107159.13,1.807034486755561e-114,9.202490441810727e-114,1.5436214393578922,UP
ENSG00000136943.11,1.4546150852365373e-259,5.63407251324011e-258,1.5406034117208325,UP
ENSG00000089685.15,1.5575760148812322e-166,1.9469700186015403e-165,1.5340784998998402,UP
ENSG00000239437.3,3.331530968750105e-117,1.7964137576593702e-116,-1.5326387029159663,DOWN
ENSG00000173376.14,5.122707943796991e-171,6.805529877024988e-170,-1.5303979991317656,DOWN
ENSG00000249992.2,2.987703117508456e-249,1.0270229466435318e-247,1.528469235980334,UP
ENSG00000224618.1,9.706116784398778e-112,4.715869462384565e-111,-1.5264903817395878,DOWN
ENSG00000259276.1,2.624528858117336e-104,1.0772319940033841e-103,-1.5197637714938013,DOWN
ENSG00000201793.1,2.1871550239143492e-97,7.701250084205456e-97,-1.5197487332991904,DOWN
ENSG00000265520.1,9.215604349580997e-111,4.3619469812990947e-110,-1.5179684276918564,DOWN
ENSG00000101447.15,1.7317066701401005e-234,4.668817002828702e-233,1.5129081955562986,UP
ENSG00000124575.7,1.2785874724581048e-72,2.882061925622777e-72,-1.5059665356862557,DOWN
ENSG00000111206.13,4.64001446524914e-199,8.923104740863732e-198,1.5012691972681012,UP
ENSG00000117399.14,3.229365956302464e-147,2.8647601225263795e-146,1.5003161361031156,UP
ENSG00000085552.17,9.014121276198249e-213,2.0153523178492022e-211,1.4972183475067045,UP
ENSG00000278637.2,4.34758085287844e-93,1.3679459205281131e-92,-1.49105200646159,DOWN
ENSG00000264678.1,3.2602270223561565e-103,1.3107637882279869e-102,-1.4909351851576211,DOWN
ENSG00000175063.17,1.8974779405681254e-118,1.062742227405773e-117,1.4906542193097032,UP
ENSG00000263642.1,2.9354638728669104e-109,1.3499206773217398e-108,-1.4821547400532278,DOWN
ENSG00000137203.15,1.1591569488092851e-287,6.641003352553196e-286,1.4817534748205956,UP
ENSG00000274115.1,3.024340009617174e-94,9.842526658517431e-94,-1.4784414712460863,DOWN
ENSG00000230943.3,0.0,1e-320,1.4776003325575575,UP
ENSG00000196611.5,1.3755968908273118e-81,3.528816650909615e-81,1.4751449210897243,UP
ENSG00000092621.13,2.326325617063448e-241,7.353328099913198e-240,1.4742565706955384,UP
ENSG00000048540.15,4.43017227269017e-201,8.702124107069977e-200,-1.473707402549223,DOWN
ENSG00000171903.16,3.907289596498095e-111,1.8719593014581467e-110,1.4673816250715197,UP
ENSG00000066405.13,6.490386853816982e-75,1.5113093859438357e-74,-1.4669407117537678,DOWN
ENSG00000198435.4,8.604419384045967e-256,3.113441224490317e-254,1.457417670103631,UP
ENSG00000088325.16,9.621817577438827e-144,7.874999505344279e-143,1.4573064486991179,UP
ENSG00000184270.6,1.7065978632631515e-88,4.8886917958059024e-88,-1.4538334110970206,DOWN
ENSG00000238829.1,1.4360576814272822e-140,1.1219200636150641e-139,-1.4489969187729934,DOWN
ENSG00000271394.1,1.6348947562370873e-92,5.080181445934452e-92,-1.446940730062209,DOWN
ENSG00000242795.2,2.4930757474879485e-108,1.1147899683889201e-107,-1.4467124446860127,DOWN
ENSG00000199938.1,2.8613517636321753e-104,1.1726851490295802e-103,-1.4455067845361207,DOWN
ENSG00000184357.5,2.5792514245070605e-67,5.506942094250323e-67,-1.4450102513529437,DOWN
ENSG00000184260.6,2.118983302900123e-80,5.341158646173546e-80,-1.4445319759299193,DOWN
ENSG00000114115.10,1.8283151707086732e-247,6.057670746323917e-246,1.4419622262562692,UP
ENSG00000259803.7,1.0740371224590606e-128,6.949651968852745e-128,-1.4381995757085846,DOWN
ENSG00000253008.2,1.96394313356511e-99,7.268968529345965e-99,-1.437740056902733,DOWN
ENSG00000288667.1,2.137880621588196e-93,6.781051567897969e-93,-1.4308839260973385,DOWN
ENSG00000154277.13,1.7735293761130188e-94,5.827008105508724e-94,1.4290588526288,UP
ENSG00000262406.3,8.862327019901972e-95,2.9292547241262524e-94,1.428456540890791,UP
ENSG00000221063.3,1.940076034154464e-99,7.190308751920183e-99,-1.424422156648217,DOWN
ENSG00000251891.1,4.689328663192482e-102,1.823996297564261e-101,-1.4219657788256084,DOWN
ENSG00000047936.11,1.338360584633716e-152,1.3191726192626233e-151,-1.4209076594335863,DOWN
ENSG00000208772.1,1.5818626239040488e-78,3.887508682516653e-78,-1.4166657067784356,DOWN
ENSG00000259453.1,2.375859135437993e-114,1.2076917971265215e-113,-1.4160968794132818,DOWN
ENSG00000135324.6,5.449916687231018e-232,1.441083739412048e-230,1.4149367667162718,UP
ENSG00000277157.2,2.2934215666017758e-69,4.96998369436949e-69,-1.4147017868786058,DOWN
ENSG00000200397.1,9.766909718762305e-117,5.23567285118837e-116,-1.414638936037228,DOWN
ENSG00000182272.12,2.105515649856094e-178,3.1640262497837477e-177,1.4117838019959914,UP
ENSG00000188906.16,6.165782316453115e-144,5.06146309559584e-143,-1.4094502775480222,DOWN
ENSG00000069812.11,4.843837588126351e-289,2.8341602909249926e-287,1.4024747354642104,UP
ENSG00000064655.19,6.801850498803951e-177,9.949515357293013e-176,1.4008774274241382,UP
ENSG00000251682.1,1.582470469538017e-105,6.593626956408404e-105,-1.3984792903022043,DOWN
ENSG00000142973.14,4.633571901258403e-85,1.2468026153092571e-84,-1.3983014959944378,DOWN
ENSG00000233559.2,2.4277067967343606e-157,2.5776809617835877e-156,-1.3975191204099982,DOWN
ENSG00000188064.10,6.705079072584081e-166,8.195096644269433e-165,1.393531022402978,UP
ENSG00000103044.11,2.1390882754420248e-162,2.5246750032041068e-161,1.3927928584284524,UP
ENSG00000254560.6,4.0949264474490715e-197,7.60881603411145e-196,1.3926885482229874,UP
ENSG00000286522.2,1.1619169317772553e-58,2.2823368302767515e-58,-1.391696506074128,DOWN
ENSG00000178999.13,3.7637120229931276e-174,5.3351587954799484e-173,1.3895758396218996,UP
ENSG00000265421.1,2.2818180813896136e-96,7.795030712821661e-96,-1.3889709774011396,DOWN
ENSG00000062038.14,2.1258750069912382e-122,1.2438630360055118e-121,1.388260378313503,UP
ENSG00000264513.1,4.800574794373584e-128,3.0772915348548614e-127,-1.3881923802530933,DOWN
ENSG00000146670.10,2.1340991646002518e-181,3.3345299446878935e-180,1.3881719716972465,UP
ENSG00000149435.12,2.127674704299766e-109,9.866956891778004e-109,-1.386958929514964,DOWN
ENSG00000257289.1,6.59917865804393e-115,3.4158318534701735e-114,-1.3855074823271007,DOWN
ENSG00000284753.2,8.562673839761794e-207,1.82537620615077e-205,1.3854081508244316,UP
ENSG00000243398.3,7.819782359083778e-97,2.6981683171242648e-96,-1.3836031577127923,DOWN
ENSG00000128602.11,2.622019956745905e-281,1.3604820530285358e-279,1.3773201261770882,UP
ENSG00000179750.16,5.622955636653872e-211,1.24702645167727e-209,1.3766866031300176,UP
ENSG00000093009.11,2.023927968341117e-221,4.882282379770239e-220,1.3758979852429751,UP
ENSG00000174564.13,1.576661214544673e-156,1.6548924961823858e-155,1.3682759390816972,UP
ENSG00000223573.7,7.722506003613373e-269,3.2177108348389057e-267,1.3644676772038444,UP
ENSG00000200882.1,2.8376498995188954e-94,9.256865034017748e-94,-1.3635919487758705,DOWN
ENSG00000213190.4,1.6055992716409585e-201,3.222918245994625e-200,1.3630743908554628,UP
ENSG00000273319.1,3.282527969501856e-117,1.7734679599469752e-116,-1.3603948527249543,DOWN
ENSG00000200816.1,3.748591089882275e-81,9.56273237214866e-81,-1.3586890108239063,DOWN
ENSG00000275373.1,1.9182493897807196e-125,1.1696642620614144e-124,-1.3581688140805661,DOWN
ENSG00000143126.8,8.991474859726259e-307,6.030867283962735e-305,1.3565975511373916,UP
ENSG00000229206.3,1.074692432743306e-106,4.5537814946750255e-106,-1.3561849452320398,DOWN
ENSG00000201592.1,3.703070245160358e-86,1.0152984221526405e-85,-1.3555532258709402,DOWN
ENSG00000137648.19,3.0326421405239257e-106,1.2713057753720727e-105,1.3555024084584122,UP
ENSG00000263813.1,4.15288290209859e-99,1.5206961359215877e-98,-1.3553176926595443,DOWN
ENSG00000161055.4,1.2106067321868102e-55,2.2959782851818817e-55,-1.3543658749369718,DOWN
ENSG00000131015.5,2.1018442807401948e-249,7.316546546880425e-248,1.3535334368652285,UP
ENSG00000182580.3,9.741732042914923e-199,1.8604002165288916e-197,1.3530326303546079,UP
ENSG00000186940.6,2.624497367503204e-118,1.449270634665424e-117,1.3485021065443015,UP
ENSG00000199377.1,4.470700140076243e-109,2.0456614617653356e-108,-1.3453621368761777,DOWN
ENSG00000131781.13,1.5198278946597112e-218,3.541971788401869e-217,-1.3438630914094178,DOWN
ENSG00000278588.2,1.2209110447981948e-70,2.6860042985560288e-70,-1.3421545009686935,DOWN
ENSG00000256564.1,1.174668089828649e-149,1.091330151023238e-148,-1.3405716701205048,DOWN
ENSG00000171885.18,7.480069653103443e-86,2.0306210805562163e-85,-1.3392891317485525,DOWN
ENSG00000170577.8,5.056157201033375e-158,5.4741859460007013e-157,1.3382589593582161,UP
ENSG00000207344.1,1.0943805391659555e-95,3.670178637446802e-95,-1.333723592690562,DOWN
ENSG00000162981.14,1.863577290705525e-237,5.1766035852931255e-236,1.333680238522749,UP
ENSG00000255565.1,3.837313827725358e-99,1.4088935949592436e-98,-1.3335286057434452,DOWN
ENSG00000274210.1,5.192347215998186e-88,1.4796844397922294e-87,-1.3331146916784844,DOWN
ENSG00000272533.1,1.0193851824133162e-79,2.543837796403466e-79,-1.330554342658492,DOWN
ENSG00000189366.9,1.8821582108374943e-157,2.006176387520585e-156,1.3299983344785784,UP
ENSG00000254911.3,1.1228854339898906e-111,5.4460933747305095e-111,-1.3294448086383575,DOWN
ENSG00000243621.1,2.2084475817362634e-98,7.980592443856406e-98,-1.3266048243028163,DOWN
ENSG00000225630.1,1.3514909636885146e-56,2.586360577692008e-56,1.3256254339475744,UP
ENSG00000074410.14,2.3398420938442737e-132,1.588781668659692e-131,1.3246561422724044,UP
ENSG00000163923.10,6.334776516021252e-147,5.583536993287962e-146,1.3245426083407477,UP
ENSG00000135451.13,7.85124510605139e-197,1.4490553048081423e-195,1.3233958031908113,UP
ENSG00000171517.6,5.587101141253132e-238,1.5839719730356817e-236,1.323340499481955,UP
ENSG00000101311.16,1.4409120985674003e-173,1.991210186462488e-172,1.321711766058627,UP
ENSG00000263934.5,1.2733765685725643e-67,2.727247323656193e-67,-1.3208596458435236,DOWN
ENSG00000207258.1,5.543105655720687e-88,1.578006268450506e-87,-1.3197020331764193,DOWN
ENSG00000275379.2,1.5193241236944989e-75,3.568011392109199e-75,-1.319652083932284,DOWN
ENSG00000239627.3,1.450017457106621e-101,5.584801130312617e-101,-1.318057421786718,DOWN
ENSG00000154102.11,1.0605435713109708e-273,5.0284393467330516e-272,1.3169753623202343,UP
ENSG00000199627.1,3.0427543021637043e-133,2.0918935827375467e-132,-1.315417436130503,DOWN
ENSG00000273768.1,5.390639130198153e-94,1.7460845239157739e-93,-1.3149470413812938,DOWN
ENSG00000212195.2,1.0101391645469213e-85,2.736830248772447e-85,-1.3143135721252222,DOWN
ENSG00000275126.2,1.0898800880887321e-78,2.6832320879534585e-78,-1.3134258577181817,DOWN
ENSG00000204253.4,7.877405259450638e-133,5.3620951642300137e-132,1.312824526221823,UP
ENSG00000004799.8,2.980333809035481e-136,2.1682322684781937e-135,-1.311729543806684,DOWN
ENSG00000206633.1,4.226396463816108e-72,9.472363712709289e-72,-1.3101043031787385,DOWN
ENSG00000234604.2,1.7183976475683372e-127,1.0913610925664959e-126,-1.3070614881374527,DOWN
ENSG00000222378.1,2.2884523312320946e-99,8.458661170548738e-99,-1.3055412855599147,DOWN
ENSG00000207864.3,1.4188521834324906e-114,7.25249722014749e-114,-1.303058396280347,DOWN
ENSG00000274997.2,2.241740380841203e-61,4.5296003286651785e-61,-1.3020459743620887,DOWN
ENSG00000099953.10,4.0642525324235897e-78,9.917208930048688e-78,1.3010076301705762,UP
ENSG00000171462.15,0.0,1e-320,1.297641181515655,UP
ENSG00000202081.1,1.106924372871571e-120,6.328569699369689e-120,-1.2973850156022737,DOWN
ENSG00000226533.1,1.957589407695763e-119,1.1145695385431361e-118,-1.2963921330952546,DOWN
ENSG00000006118.15,3.599053804577964e-182,5.721039284733757e-181,1.2956231703877346,UP
ENSG00000222831.1,2.4311098402047734e-96,8.284451128331011e-96,-1.2943969198649317,DOWN
ENSG00000207082.1,9.803768647965351e-87,2.7232690688792643e-86,-1.2923110297810922,DOWN
ENSG00000206634.1,6.936654110487505e-89,1.993291411059628e-88,-1.2911814511502913,DOWN
ENSG00000261573.1,4.168424959484933e-94,1.353384727105498e-93,-1.2900294193883977,DOWN
ENSG00000115163.15,2.4158225301734745e-188,4.1009333073932435e-187,1.2883274351819514,UP
ENSG00000199482.1,1.2409146987773884e-79,3.0938489770061813e-79,-1.287451485140364,DOWN
ENSG00000244642.3,1.3525789273764515e-102,5.344241451559255e-102,-1.2861700072448166,DOWN
ENSG00000238966.1,3.470189139701042e-89,9.992691239976822e-89,-1.2853675398245936,DOWN
ENSG00000186529.16,5.866897823756916e-107,2.501390545012639e-106,1.2833319312352787,UP
ENSG00000167513.9,1.6991506775229717e-169,2.2250782681848435e-168,1.2829449154588375,UP
ENSG00000223224.1,1.49025461900782e-91,4.553555780301672e-91,-1.2827776103252344,DOWN
ENSG00000112290.13,4.087313373406083e-249,1.3876681206008306e-247,1.2823167914042093,UP
ENSG00000131018.24,2.4490910146234284e-221,5.856521991490808e-220,-1.2818232705957193,DOWN
ENSG00000207452.1,1.6580329439771052e-108,7.450311431269673e-108,-1.2809220432283461,DOWN
ENSG00000071539.14,1.76986684003041e-159,1.962553955678882e-158,1.2795614564741338,UP
ENSG00000179431.7,3.4344876122916875e-265,1.3889471961473736e-263,1.276979627513449,UP
ENSG00000252906.1,7.948919477678797e-90,2.3254817620868824e-89,-1.2766418333842071,DOWN
ENSG00000228976.1,2.2165977526112346e-91,6.750436123677625e-91,-1.273609474497216,DOWN
ENSG00000165905.18,2.7186321284485006e-128,1.7508754925605096e-127,1.270240237185803,UP
ENSG00000166851.15,1.4755865802908256e-189,2.6011942921793397e-188,1.2686375010760063,UP
ENSG00000236977.1,3.920215177934265e-114,1.974467351523668e-113,-1.2659005182636993,DOWN
ENSG00000260265.1,5.671924145113089e-172,7.645976176010292e-171,1.2634691399604532,UP
ENSG00000259079.1,1.920056334067055e-97,6.778119279440823e-97,-1.2611846472039527,DOWN
ENSG00000134690.11,8.516948697117814e-150,7.966533645263262e-149,1.2611404095643632,UP
ENSG00000127954.13,1.0652032644347842e-155,1.1095867337862334e-154,-1.2610164082022155,DOWN
ENSG00000202071.1,1.5608056172070843e-96,5.345224716462618e-96,-1.2602708267108091,DOWN
ENSG00000270722.1,3.3959907738695155e-67,7.239515215613308e-67,-1.25981956810049,DOWN
ENSG00000226876.3,1.6591119681608924e-109,7.720064149648823e-109,-1.2588867805865642,DOWN
ENSG00000218596.2,2.033645757408604e-98,7.368281729741319e-98,-1.2568445552327865,DOWN
ENSG00000259367.1,5.217024951427242e-112,2.55281470043148e-111,-1.2567202823133892,DOWN
ENSG00000141579.7,3.967869471484886e-174,5.595713357222275e-173,1.2557309228937963,UP
ENSG00000100162.15,2.9024847703740614e-194,5.285982197701105e-193,1.2555245481032233,UP
ENSG00000252770.1,2.3391555985798928e-97,8.215425154654796e-97,-1.2550190000454031,DOWN
ENSG00000175592.9,1.412206528885064e-125,8.630151009853169e-125,1.2549822954636891,UP
ENSG00000088836.14,5.830258901320554e-179,8.858128164989792e-178,1.2485765598215366,UP
ENSG00000196616.14,1.8204712323879448e-82,4.709591617184241e-82,-1.248528836630241,DOWN
ENSG00000273742.1,6.3416727906554096e-142,5.054956572261558e-141,-1.24809143800488,DOWN
ENSG00000136546.16,2.857582869401412e-130,1.889027137224491e-129,-1.2468159627601931,DOWN
ENSG00000264230.9,1.9562615767056972e-183,3.1645407858474514e-182,1.2455913322104324,UP
ENSG00000252947.1,2.870369264302414e-87,8.062835012085433e-87,-1.2444650769170897,DOWN
ENSG00000251892.1,2.8323289674579844e-100,1.0669732411656792e-99,-1.2434705726644315,DOWN
ENSG00000133661.17,1.0909826723642345e-73,2.4877299742965545e-73,-1.2426248844557333,DOWN
ENSG00000135919.14,4.247715522345453e-190,7.53626947512903e-189,1.2403471333479648,UP
ENSG00000188505.5,8.436097720053405e-125,5.076426417975243e-124,1.2397938865139158,UP
ENSG00000105011.9,9.50646639020135e-151,9.045945527008204e-150,1.239187374810521,UP
ENSG00000202417.1,1.2512424089640365e-106,5.293717884078616e-106,-1.2388313057126947,DOWN
ENSG00000168078.10,1.36826447898736e-155,1.4198971008359398e-154,1.2386070683695787,UP
ENSG00000276410.4,2.514041118908529e-74,5.800010970636287e-74,-1.2382404816003796,DOWN
ENSG00000279166.1,3.9270413071050285e-107,1.684768111472516e-106,-1.2382212140893958,DOWN
ENSG00000207563.1,1.6525661771697597e-111,7.972906995117261e-111,-1.2366360291984595,DOWN
ENSG00000111665.12,6.69325779188841e-219,1.5732016177515493e-217,1.236192395138517,UP
ENSG00000263266.2,7.387352703658463e-148,6.682638136533149e-147,1.236147676083631,UP
ENSG00000186185.14,4.3874730520430695e-178,6.521919401685643e-177,1.2359352037624338,UP
ENSG00000207286.1,2.820638772776381e-94,9.212300029851602e-94,-1.234462021655121,DOWN
ENSG00000207612.1,7.607546359308343e-88,2.1567786070204065e-87,-1.234449494073348,DOWN
ENSG00000134504.14,1.1407210700754828e-296,7.29530916908739e-295,1.2334568401840855,UP
ENSG00000213442.5,9.185623007930426e-109,4.175283185422921e-108,1.2330317339174597,UP
ENSG00000272215.1,9.278513254827398e-96,3.12312257659429e-95,-1.2321224339293788,DOWN
ENSG00000252153.1,2.715024119560387e-94,8.877902887979862e-94,-1.2310274453111667,DOWN
ENSG00000187134.14,2.0221479079707814e-65,4.232044708462442e-65,1.2310192614197997,UP
ENSG00000281195.1,1.1114823829702668e-114,5.7025681962093906e-114,-1.2308286146294964,DOWN
ENSG00000217527.1,2.7735768938434864e-107,1.193636378414646e-106,-1.2291839139641834,DOWN
ENSG00000201217.1,5.444372111404296e-107,2.324848339497176e-106,-1.2272675769698491,DOWN
ENSG00000200665.1,2.263896622347086e-97,7.96127328830497e-97,-1.2271436182552848,DOWN
ENSG00000228288.7,3.23689822922625e-145,2.7558731053783866e-144,1.2253123498103837,UP
ENSG00000286242.1,1.4926992448988426e-116,7.939889600525759e-116,-1.2246552287006636,DOWN
ENSG00000253755.1,5.6224312389824185e-43,9.474072247059835e-43,1.2244057415398992,UP
ENSG00000169031.20,1.4830950210421288e-182,2.385094332085295e-181,-1.2213746007060609,DOWN
ENSG00000274963.1,4.254371792657269e-114,2.1388523637673655e-113,-1.2197428910391097,DOWN
ENSG00000134258.17,2.187834218276086e-118,1.222874817125861e-117,1.2187822933224237,UP
ENSG00000111907.21,2.2264887184634417e-227,5.669299977568949e-226,1.2174973146650045,UP
ENSG00000233762.3,5.321682681185782e-136,3.841109546787638e-135,1.217474540370675,UP
ENSG00000252130.1,5.964049854011965e-95,1.9808136592431045e-94,-1.2162151622193025,DOWN
ENSG00000236439.4,8.814398648494237e-115,4.547766657290648e-114,1.215892768799391,UP
ENSG00000142273.13,1.1119765794992726e-115,5.869358145149711e-115,1.2153907292219195,UP
ENSG00000261553.5,1.8066305613745617e-144,1.5055254678121348e-143,-1.2150774788016192,DOWN
ENSG00000288662.1,4.0053400128473745e-96,1.3548198075436999e-95,-1.214792321142035,DOWN
ENSG00000111199.12,8.408667980503176e-246,2.688818249579504e-244,1.2144671187448952,UP
ENSG00000283514.1,2.9057423005749316e-94,9.467762235285619e-94,-1.2134322554696348,DOWN
ENSG00000068078.20,7.92654467440234e-136,5.691383251855466e-135,1.211428988778588,UP
ENSG00000258337.1,1.088041824888967e-101,4.214246504851633e-101,-1.2095444538747346,DOWN
ENSG00000252213.1,7.794943937657957e-65,1.617818553098821e-64,-1.2084290057045668,DOWN
ENSG00000236039.3,3.6137774835695295e-135,2.5613113607773725e-134,-1.2076154934840204,DOWN
ENSG00000178184.16,0.0,1e-320,1.2066542233663682,UP
ENSG00000136689.19,3.109037210807023e-153,3.1433280623968066e-152,1.2040518450719797,UP
ENSG00000266146.1,3.646982243775427e-93,1.1514582285169258e-92,-1.2037078571841195,DOWN
ENSG00000138180.16,1.34713471851978e-138,1.0205566049392273e-137,1.2024110924366762,UP
ENSG00000145824.13,1.4699976255274485e-57,2.854868269915596e-57,1.1996357293031232,UP
ENSG00000244734.4,2.3384199694587443e-69,5.063507807883108e-69,-1.1995935743117954,DOWN
ENSG00000216192.1,1.8993833557604422e-78,4.655351362157946e-78,-1.1991736412778151,DOWN
ENSG00000206650.1,2.097647464204327e-94,6.883687979190811e-94,-1.1976411308420447,DOWN
ENSG00000287458.1,6.638591337316251e-92,2.0512501323168194e-91,-1.1973924705573664,DOWN
ENSG00000276966.2,2.5713164642178396e-59,5.090799335204506e-59,-1.1961825852445318,DOWN
ENSG00000127249.15,2.5727200527551407e-110,1.2073344957468665e-109,-1.19585019146163,DOWN
ENSG00000252391.1,3.152664830118614e-97,1.1044367239269031e-96,-1.1950415539089319,DOWN
ENSG00000211877.1,6.0957842732205464e-93,1.9114488884100915e-92,-1.1948600190318333,DOWN
ENSG00000127564.17,1.7454314871266304e-210,3.8399492716785867e-209,1.1945792963629553,UP
ENSG00000236699.9,1.4827315808711377e-279,7.55094786554746e-278,-1.193204546235267,DOWN
ENSG00000283197.1,1.67363657194117e-97,5.923424160666946e-97,-1.1917482559748378,DOWN
ENSG00000201229.1,2.7138390344075535e-81,6.935926900205179e-81,-1.1907019038325448,DOWN
ENSG00000239686.1,1.1831471581875644e-101,4.569739726145789e-101,-1.189628424768105,DOWN
ENSG00000211875.1,4.83171465447013e-92,1.494624893115057e-91,-1.1895102691885078,DOWN
ENSG00000124875.10,8.719677893770581e-121,4.995648793306062e-120,1.188327852587896,UP
ENSG00000136002.20,1.4864735105033498e-226,3.7161837762583745e-225,1.1864382808597451,UP
ENSG00000173467.9,1.1184062353291309e-77,2.709794843308467e-77,-1.185993678240115,DOWN
ENSG00000239899.3,5.564193429962037e-100,2.0818410792374967e-99,-1.1857251070338726,DOWN
ENSG00000180596.7,1.9511000712566116e-111,9.363918317549182e-111,-1.1852429209817434,DOWN
ENSG00000102854.16,1.6460459367325434e-49,2.9298552271938476e-49,-1.1823009156864317,DOWN
ENSG00000233901.6,4e-323,1e-320,1.1819335775328388,UP
ENSG00000075218.19,1.1587026920927133e-188,1.991520252034351e-187,1.1801396897411924,UP
ENSG00000163975.12,8.41569113770067e-160,9.446183930072181e-159,1.1790634270122091,UP
ENSG00000207205.1,9.779673563477928e-94,3.1418343807902224e-93,-1.1761989206193855,DOWN
ENSG00000051180.17,9.667540467228743e-240,2.8897539440085918e-238,1.17511786051065,UP
ENSG00000201882.1,2.6092364040889258e-86,7.182582693938485e-86,-1.171841969189358,DOWN
ENSG00000240869.3,6.983156896547207e-105,2.887771648948093e-104,-1.171373210416546,DOWN
ENSG00000237649.8,7.23339427797193e-139,5.494981841000775e-138,1.1708141751638748,UP
ENSG00000142945.13,6.3706311173958824e-139,4.866454325788521e-138,1.1698018507422585,UP
ENSG00000216035.1,1.4572690502148866e-90,4.3418091961982e-90,-1.1686020279326756,DOWN
ENSG00000154839.10,2.3312450083118435e-198,4.4213267399017724e-197,1.168474339445806,UP
ENSG00000112742.10,1.1054076050009577e-178,1.6702587438201287e-177,1.167061277942579,UP
ENSG00000119630.14,1.8440300166385555e-222,4.487683668810644e-221,1.1669842353437678,UP
ENSG00000250698.1,1.0076798994571334e-101,3.9084904421821114e-101,-1.1664281624083273,DOWN
ENSG00000129195.16,5.354388421050836e-189,9.31934693537329e-188,1.166400603352347,UP
ENSG00000007038.11,1.907419666153996e-101,7.325983354641745e-101,1.1658126978004646,UP
ENSG00000266668.1,1.0859547709043434e-112,5.371179172638389e-112,-1.1647966517426107,DOWN
ENSG00000207737.1,4.057046387826172e-102,1.5847837452445983e-101,-1.163459756386812,DOWN
ENSG00000207493.1,1.3701351566959982e-74,3.1689416996753535e-74,-1.1630208652459773,DOWN
ENSG00000070731.11,8.523698721832301e-259,3.2109823952107983e-257,1.1629204293218813,UP
ENSG00000143502.15,4.230119559724541e-163,5.035856618719691e-162,1.1612627194406795,UP
ENSG00000212461.1,5.410714926722118e-94,1.7505254174689206e-93,-1.1608671339938745,DOWN
ENSG00000283509.1,8.97892780117117e-90,2.618457206067945e-89,-1.1587963176430673,DOWN
ENSG00000185641.6,6.065019643515537e-88,1.7230169441805504e-87,1.157421014733639,UP
ENSG00000175556.17,2.4117869272519224e-261,9.47487721420398e-260,-1.1557354903341162,DOWN
ENSG00000171848.16,1.4578965639168486e-136,1.0662807315881206e-135,1.1541938013886117,UP
ENSG00000087128.10,1.2186793939840727e-71,2.7180602866635847e-71,1.1530595502784644,UP
ENSG00000221439.1,1.3143650420795726e-91,4.020582720488125e-91,-1.151092132541558,DOWN
ENSG00000171557.17,2.7581582826918636e-42,4.6081016266115585e-42,-1.1507862707343863,DOWN
ENSG00000213260.3,3.023070764674636e-162,3.522646018159004e-161,1.148985708364012,UP
ENSG00000117122.14,1.0265965487298085e-152,1.0265965487298084e-151,1.1485927904402045,UP
ENSG00000241644.2,1.280779904441094e-84,3.409627044736697e-84,-1.1483997560674215,DOWN
ENSG00000131153.9,1.489975773582883e-183,2.4245167913330936e-182,1.1483903972134617,UP
ENSG00000275714.2,2.9316436963594687e-75,6.861293757437055e-75,-1.1482351293450612,DOWN
ENSG00000108448.21,7.954914720167428e-136,5.696879031369902e-135,1.1465503770332357,UP
ENSG00000240974.1,1.4778248908409152e-103,5.976497720312524e-103,-1.1462340042935901,DOWN
ENSG00000164109.14,7.1722114796127045e-174,1.0063051820885171e-172,1.145706340744101,UP
ENSG00000187762.5,6.0453789373875415e-105,2.503733746658997e-104,-1.1444893543261638,DOWN
ENSG00000252985.1,2.0725874193139643e-89,6.012252534929749e-89,-1.1443914931525572,DOWN
ENSG00000261189.1,3.3659846880052423e-205,7.0659983908507e-204,1.1436040839938615,UP
ENSG00000280285.1,3.1403634318241363e-136,2.278627819925165e-135,-1.142876502313095,DOWN
ENSG00000143365.19,6.225096975619962e-160,7.015990443833974e-159,-1.142527010220131,DOWN
ENSG00000121152.10,2.387741725314875e-201,4.7581809743593524e-200,1.1422079313123,UP
ENSG00000277452.1,1.8601426189983893e-111,8.94299336056918e-111,-1.1417335321815154,DOWN
ENSG00000226394.2,2.1836629975121884e-90,6.484960305786737e-90,-1.141279324835903,DOWN
ENSG00000252473.1,2.1173501989484555e-102,8.330061583845855e-102,-1.1408650087667742,DOWN
ENSG00000261544.1,5.241603851728684e-95,1.7472012839095614e-94,-1.1408283966049642,DOWN
ENSG00000228232.1,6.608081985622299e-115,3.4158318534701735e-114,1.1396313402825455,UP
ENSG00000208308.1,1.0725222949924328e-82,2.779864572317804e-82,-1.1383567065706053,DOWN
ENSG00000252975.1,8.680270443817704e-91,2.6174061097038032e-90,-1.1383251312117815,DOWN
ENSG00000206585.1,2.7307335745497072e-74,6.289377998334753e-74,-1.1381074950207046,DOWN
ENSG00000150556.17,2.0793148227173213e-160,2.372662142104827e-159,1.1358846133512936,UP
ENSG00000094804.12,1.3025016660505602e-152,1.2884458926759138e-151,1.1344751426136703,UP
ENSG00000213866.3,5.905846001515838e-137,4.342533824643998e-136,1.134140199037078,UP
ENSG00000252452.1,5.391617033402225e-97,1.8720892477091062e-96,-1.133480975260095,DOWN
ENSG00000163472.19,4.5453843223745713e-237,1.249980688653007e-235,1.1333757998131742,UP
ENSG00000179862.7,5.15050513828468e-158,5.554466325601125e-157,1.1330972329323021,UP
ENSG00000277968.1,4.488026520545516e-124,2.6656744992440973e-123,-1.132780616665417,DOWN
ENSG00000123485.12,3.2117043693469833e-139,2.4740019651832506e-138,1.1326683089360121,UP
ENSG00000264616.1,2.936783148974458e-89,8.465569873878155e-89,-1.13251903038088,DOWN
ENSG00000186891.14,5.2199666913720264e-129,3.4016370619130503e-128,1.1321283274385856,UP
ENSG00000287080.2,8.28185710668438e-51,1.495410836728959e-50,-1.1317943427782622,DOWN
ENSG00000125872.8,1.501229178692161e-111,7.255501302993748e-111,-1.1317759613855198,DOWN
ENSG00000137563.13,1.1739937745367291e-191,2.1101195293960818e-190,1.1285502950574502,UP
ENSG00000145386.11,5.809695668774302e-148,5.272826102022881e-147,1.1285489077207131,UP
ENSG00000225383.8,2.263716694675047e-101,8.658165382971322e-101,-1.1270285531274493,DOWN
ENSG00000221265.1,2.7231295431354574e-100,1.0272436548179023e-99,-1.1264780780649672,DOWN
ENSG00000077152.11,5.553892520668395e-115,2.8817366852524693e-114,1.1258907584880813,UP
ENSG00000252498.1,6.764923405179835e-93,2.1164436136796978e-92,-1.1246533697625365,DOWN
ENSG00000113739.10,5.720636726128752e-167,7.183447943768982e-166,1.1243737338011393,UP
ENSG00000101003.10,2.584565627856688e-162,3.037416870344398e-161,1.1237358209350043,UP
ENSG00000207719.1,7.088274736440643e-95,2.3485247620737068e-94,-1.122690426482137,DOWN
ENSG00000160767.21,1.5551586953584394e-135,1.1079498477294581e-134,1.1221986548409275,UP
ENSG00000211870.1,1.3280156858684764e-86,3.677787649686113e-86,-1.1212116953498663,DOWN
ENSG00000117650.13,1.3449877069116017e-126,8.368136185535984e-126,1.120523265972978,UP
ENSG00000258968.2,1.9515094506684247e-103,7.868989720437197e-103,-1.1195080284463905,DOWN
ENSG00000277775.2,3.3793403227131216e-47,5.896691552957541e-47,-1.1185681353280241,DOWN
ENSG00000243313.2,2.1827929205596006e-98,7.898263857288028e-98,-1.1177971528674344,DOWN
ENSG00000154198.14,2.412698184779978e-91,7.339513283346173e-91,-1.117085235676614,DOWN
ENSG00000201435.1,3.3203349840118517e-90,9.828763408000637e-90,-1.1140727617973316,DOWN
ENSG00000165304.8,1.6576736927902982e-124,9.910005772115913e-124,1.113591124401403,UP
ENSG00000261373.1,1.6363195110898152e-204,3.408998981437115e-203,1.113230228084467,UP
ENSG00000202514.1,5.895427672499242e-100,2.2027752852408854e-99,-1.1130357195569245,DOWN
ENSG00000152253.9,6.607073864777369e-207,1.419488525635763e-205,1.1100722065360082,UP
ENSG00000254263.1,3.197567214250523e-102,1.2561871198841341e-101,-1.109782206518584,DOWN
ENSG00000165152.9,2.0647767975491587e-184,3.3798429721786824e-183,1.109651314145145,UP
ENSG00000203709.12,2.4975932662377424e-160,2.838174166179253e-159,-1.1086619447659267,DOWN
ENSG00000206645.1,5.930359674295128e-96,2.0010416078909942e-95,-1.1086391318869382,DOWN
ENSG00000100526.20,2.8926600999213383e-145,2.4781355996210844e-144,1.1064252076381624,UP
ENSG00000173894.11,5.7171701143192206e-145,4.837605481347033e-144,1.1033081735608592,UP
ENSG00000232608.1,7.346491126805623e-111,3.49530287175008e-110,-1.1006770960017014,DOWN
ENSG00000109881.17,1.4988548476198068e-174,2.1580370842693555e-173,1.1002437709191204,UP
ENSG00000143228.13,3.2231134845629723e-144,2.677813317990385e-143,1.0996955032425153,UP
ENSG00000215184.2,5.183322691688852e-87,1.450064842537573e-86,-1.0993774475485079,DOWN
ENSG00000112936.19,9.106497536188185e-82,2.342644361507718e-81,-1.098484666495688,DOWN
ENSG00000251139.2,1.4246488302951182e-114,7.268616481097541e-114,-1.0984143944836446,DOWN
ENSG00000276107.1,1.6074818034019994e-93,5.134233402271194e-93,-1.0976501563903704,DOWN
ENSG00000279530.2,1.2965244005492089e-107,5.614869451197361e-107,-1.0974180825743833,DOWN
ENSG00000223044.1,7.516313031247054e-94,2.4203584117013345e-93,-1.0943725227448617,DOWN
ENSG00000200394.1,1.7505922771157265e-71,3.8917774956089314e-71,-1.0914521553771714,DOWN
ENSG00000092295.12,2.0213512841793835e-174,2.895164599736096e-173,1.0912095961919666,UP
ENSG00000283475.1,3.117949443368419e-74,7.175197463818538e-74,1.0903394219431237,UP
ENSG00000257671.1,5.081252740834396e-180,7.80639387558357e-179,-1.0889316093886665,DOWN
ENSG00000090889.12,3.5222925787599366e-129,2.3007849386199111e-128,1.086237632188582,UP
ENSG00000260027.5,1.4151243102218216e-116,7.541844676569786e-116,1.0856862461425465,UP
ENSG00000278818.1,4.871477694113761e-103,1.9471749504088434e-102,-1.0847285314167634,DOWN
ENSG00000263301.1,1.923998891253763e-145,1.6534365471712027e-144,1.0841314393205903,UP
ENSG00000211876.1,2.621687716326884e-86,7.20964121989893e-86,-1.083958031887146,DOWN
ENSG00000223946.1,5.434588756280693e-109,2.482577920227891e-108,-1.0838134572513822,DOWN
ENSG00000278991.1,2.3029588100973067e-137,1.7070449400990815e-136,-1.0826489679935607,DOWN
ENSG00000109906.14,5.4281588197479e-95,1.8071957329669156e-94,-1.0820377500763496,DOWN
ENSG00000254856.1,1.1885646692232949e-91,3.652014346775487e-91,-1.081802448040114,DOWN
ENSG00000143590.14,2.812308434204909e-174,4.007175230084715e-173,1.080700711197533,UP
ENSG00000212411.1,2.9061956706469535e-77,6.986110518901404e-77,-1.080529857617187,DOWN
ENSG00000100092.24,5.2585701836844295e-292,3.1437104358983006e-290,1.0797037558322422,UP
ENSG00000204305.14,1.1909749259967563e-44,2.0267209446108167e-44,-1.078693901186319,DOWN
ENSG00000164265.9,2.0779275041132194e-36,3.276548529995042e-36,-1.078383867254443,DOWN
ENSG00000111247.15,2.4736490606373564e-169,3.2239501975131423e-168,1.0781534950448077,UP
ENSG00000199366.1,3.8205564541054994e-79,9.456822906201731e-79,-1.0775429399714147,DOWN
ENSG00000234040.3,5.557127671227841e-103,2.218011770083681e-102,-1.0749376833814663,DOWN
ENSG00000029153.14,2.580230131058942e-135,1.833496863155579e-134,1.074171071875601,UP
ENSG00000242640.1,8.027744477866152e-102,3.118121089566655e-101,-1.0739169143336453,DOWN
ENSG00000197714.9,3.0406565881809382e-78,7.432716104442293e-78,-1.0736594669361423,DOWN
ENSG00000237892.1,8.588796202191007e-112,4.180387532039871e-111,-1.073389854975792,DOWN
ENSG00000184058.14,1.5926386524687835e-180,2.4744385843441555e-179,1.0723885633404213,UP
ENSG00000112782.19,5.687993430657954e-86,1.5471792219890578e-85,-1.0703663241810493,DOWN
ENSG00000278463.2,4.2746139236949055e-60,8.536810668236014e-60,-1.0691367844714983,DOWN
ENSG00000049283.18,2.5150418162014174e-138,1.8845681184070566e-137,1.0686250103556338,UP
ENSG00000105173.14,1.167162330126723e-140,9.144434210394554e-140,1.0684609419895148,UP
ENSG00000274002.1,8.884727272462835e-111,4.212586206771172e-110,-1.068094071110645,DOWN
ENSG00000166394.15,1.3469668583705033e-308,9.26039715129721e-307,1.067161769309871,UP
ENSG00000286715.1,3.0593218170635395e-92,9.484932352790005e-92,-1.0664290014719884,DOWN
ENSG00000201448.1,1.3946875779715745e-92,4.343590984622684e-92,-1.0663801222618847,DOWN
ENSG00000265871.1,6.326450023610282e-97,2.1883946622551293e-96,-1.065605728156027,DOWN
ENSG00000175643.10,1.2235711384591535e-153,1.2416312290637168e-152,1.064998235957569,UP
ENSG00000257604.1,2.6924369082075646e-93,8.520369962682166e-93,-1.0631893215431614,DOWN
ENSG00000126368.6,1.5147978715087517e-133,1.0440336207140518e-132,1.0621333244610842,UP
ENSG00000204544.5,4.967126714291845e-54,9.248204782872426e-54,-1.0618791471853832,DOWN
ENSG00000164825.4,2.370099114797e-58,4.6389840325208185e-58,1.0616680478749478,UP
ENSG00000256712.1,4.962855507487441e-85,1.334100942872968e-84,-1.0593826214479027,DOWN
ENSG00000228481.1,1.027499653386662e-83,2.7013614214276487e-83,-1.0570690502057325,DOWN
ENSG00000181722.17,1.6826524002729183e-127,1.0711328936922513e-126,-1.0569302482763379,DOWN
ENSG00000100321.15,8.339249881424872e-271,3.7594978973636725e-269,1.0566521422458415,UP
ENSG00000275410.5,6.315594671048963e-134,4.385829632672891e-133,-1.0558458552941006,DOWN
ENSG00000212283.1,3.909422646927311e-79,9.668086581879591e-79,-1.0551869764098867,DOWN
ENSG00000158528.12,2.455227236270362e-231,6.430357047374757e-230,-1.0533188141955454,DOWN
ENSG00000276368.2,1.0351642297876449e-51,1.8864821947753633e-51,-1.052306068215212,DOWN
ENSG00000153044.10,3.4280493293176e-185,5.713415548862667e-184,1.0513898986834878,UP
ENSG00000231721.7,1.5242712703288739e-152,1.4917245528129549e-151,-1.051060307580691,DOWN
ENSG00000226312.7,1.467158411608961e-134,1.034534777416575e-133,-1.0507384895919287,DOWN
ENSG00000105088.8,3.734590687293366e-128,2.399561773377747e-127,1.0495105529794955,UP
ENSG00000136149.6,6.178870840047675e-101,2.3501929197968333e-100,1.0439842759115716,UP
ENSG00000213197.3,1.2690733021557448e-90,3.7934256314438024e-90,-1.0436281488564307,DOWN
ENSG00000201736.1,3.424710965432594e-86,9.39915684125712e-86,-1.0423338246526748,DOWN
ENSG00000228663.1,4.873079312005996e-99,1.7796770395772234e-98,-1.0411806795806982,DOWN
ENSG00000178860.8,9.475889322567115e-145,7.993464919343425e-144,1.0410247002302353,UP
ENSG00000091651.9,2.3166542520095107e-197,4.363561091113804e-196,1.0408076125226768,UP
ENSG00000264229.1,8.936800903432658e-64,1.845060246579565e-63,-1.0393931230846283,DOWN
ENSG00000249850.1,2.460353527321898e-86,6.779531262660541e-86,-1.0367505495356288,DOWN
ENSG00000212391.1,1.1077006030822413e-171,1.4859398334030067e-170,-1.036641972257383,DOWN
ENSG00000134020.8,3.768319140525343e-52,6.903982436005791e-52,-1.0362858892258755,DOWN
ENSG00000264653.1,8.845054531324082e-91,2.664173051603639e-90,-1.035410823864277,DOWN
ENSG00000156970.13,3.9589091119419346e-147,3.500643105414894e-146,1.0353883053123272,UP
ENSG00000126787.13,2.3508471628194895e-119,1.3357086152383464e-118,1.033939164701068,UP
ENSG00000136155.17,3.077112630345154e-94,1.000243467310777e-93,-1.0337215061282254,DOWN
ENSG00000091129.21,4.697492151070464e-137,3.46329850279994e-136,1.0331642295768453,UP
ENSG00000169184.6,7.984479922247959e-224,1.9781369176740437e-222,1.0311152146599292,UP
ENSG00000251532.1,3.720260544537741e-99,1.3677428472565224e-98,-1.0300137845825157,DOWN
ENSG00000253372.5,1.9586624696183512e-101,7.50184093516778e-101,-1.029946518976172,DOWN
ENSG00000040608.14,8.821830804207449e-185,1.4526966893155979e-183,1.02842350107009,UP
ENSG00000276961.1,1.0544806492125623e-104,4.3475588985525435e-104,-1.0281191496532185,DOWN
ENSG00000186193.9,2.1733840898512253e-131,1.4471685828307189e-130,1.027232142154166,UP
ENSG00000174501.14,1.2709616603387857e-92,3.967246953384405e-92,-1.0268251757203775,DOWN
ENSG00000110104.13,5.971325900994775e-169,7.7094583228805775e-168,1.0260159680170955,UP
ENSG00000080986.13,2.278862362299518e-146,1.9958189478737816e-145,1.0243257652705635,UP
ENSG00000137807.16,1.201143947287371e-170,1.5880508918462837e-169,1.024107501162931,UP
ENSG00000238713.1,8.627234161003224e-87,2.403737988121466e-86,-1.0235222404851905,DOWN
ENSG00000068489.13,7.744003278854398e-155,7.976033339644043e-154,1.022924554986884,UP
ENSG00000200742.1,6.307421578345767e-91,1.908185846034198e-90,-1.0225487844161374,DOWN
ENSG00000211879.1,4.913016906547754e-84,1.2978670982715009e-83,-1.02193059656793,DOWN
ENSG00000213891.3,9.191501974000658e-100,3.4250176732387275e-99,-1.0219181679302505,DOWN
ENSG00000171243.8,6.691235488826552e-70,1.4557672147367895e-69,1.0218441681114683,UP
ENSG00000228634.1,2.906511135882269e-125,1.7644383275223488e-124,-1.0212803960549635,DOWN
ENSG00000239280.1,9.620107600203321e-88,2.718940996974217e-87,-1.0204962759264353,DOWN
ENSG00000198720.13,3.589378217056434e-190,6.4096039590293464e-189,1.0203320860974774,UP
ENSG00000147697.9,5.345820676677826e-100,2.0028619701449622e-99,1.0199321920769173,UP
ENSG00000208018.1,1.2081077571492675e-81,3.104949843140641e-81,-1.01992225029585,DOWN
ENSG00000256968.1,1.6676494200405483e-164,2.002635766424239e-163,1.0196346090790356,UP
ENSG00000125319.15,1.628205254431226e-173,2.2387822248429356e-172,1.0195281024566265,UP
ENSG00000211858.1,5.420126077045074e-86,1.475776902165738e-85,-1.018595888356841,DOWN
ENSG00000211882.1,1.7116299955426676e-77,4.1325570568413834e-77,-1.0179817819664014,DOWN
ENSG00000236549.1,6.042105166669449e-90,1.773296607080148e-89,-1.0168133857176789,DOWN
ENSG00000100290.3,4.330496135633584e-114,2.1731504330278022e-113,1.0163356306805242,UP
ENSG00000112984.12,2.9265348029762278e-124,1.741985001771564e-123,1.0159747719658172,UP
ENSG00000073150.14,1.0319114817933534e-93,3.311267882067353e-93,1.0157293767072448,UP
ENSG00000267694.1,2.990011504191373e-76,7.106768916617352e-76,-1.0155871819313769,DOWN
ENSG00000165480.16,8.926927977134385e-168,1.147151959678484e-166,1.0142652244382828,UP
ENSG00000176749.9,2.205811826753449e-217,5.097464305522675e-216,1.0140656904612122,UP
ENSG00000252759.1,7.761419678702058e-90,2.273046231781753e-89,-1.0139898239284237,DOWN
ENSG00000143845.15,2.8199283172263456e-207,6.106143993994055e-206,1.012492637653858,UP
ENSG00000164045.12,4.472624925485298e-206,9.461321957757362e-205,1.0112224356839494,UP
ENSG00000236559.1,7.2058437356827e-108,3.170571243700388e-107,-1.0106117035976039,DOWN
ENSG00000276365.1,3.4714580579545296e-100,1.305371810519346e-99,-1.0105187535159135,DOWN
ENSG00000207392.1,1.4846955039003398e-72,3.343908792568333e-72,-1.0097760846641917,DOWN
ENSG00000198807.13,9.264183711853611e-122,5.3634747805468275e-121,1.0089218702284533,UP
ENSG00000247627.2,5.2866438554766384e-39,8.577150797970948e-39,1.0082898609876652,UP
ENSG00000206728.1,1.0103644092324419e-84,2.700196428949675e-84,-1.007833953257991,DOWN
ENSG00000177732.8,2.395984643832552e-118,1.3257460302896414e-117,1.0075925556801233,UP
ENSG00000080493.18,1.1526186800468877e-148,1.049569990108921e-147,-1.0075897752868612,DOWN
ENSG00000237887.1,1.1258630884708335e-90,3.372683543894109e-90,-1.00731462159224,DOWN
ENSG00000127423.11,1.6768355381000143e-216,3.842748108145866e-215,1.006761732868742,UP
ENSG00000081052.13,1.7750995185693573e-177,2.624475094658996e-176,-1.0067371220335524,DOWN
ENSG00000166803.14,8.146095478544603e-174,1.1371453079186629e-172,1.0061462664891514,UP
ENSG00000240853.3,3.12597210427893e-98,1.125186294079458e-97,-1.0055130378979322,DOWN
ENSG00000234648.1,6.4125391128771545e-77,1.5347678468591972e-76,1.0045369570414553,UP
ENSG00000116990.11,1.347283511316502e-149,1.2474847327004648e-148,1.0039738967112055,UP
ENSG00000269353.1,1.273328112375354e-99,4.738365776768909e-99,-1.002997563359811,DOWN
ENSG00000153294.12,1.3594242097865426e-116,7.273184001776249e-116,1.0029055450338837,UP
ENSG00000221890.6,6.549387735326818e-151,6.253755650051649e-150,1.0025416799187048,UP
ENSG00000275894.1,8.355155399975561e-118,4.549837098996593e-117,-1.0017642269091258,DOWN
ENSG00000161888.11,4.2995158417208125e-149,3.941222854910745e-148,1.001552733501576,UP
